{
  "page_size": [
    841.6799926757812,
    595.2000122070312
  ],
  "fields": {
    "abs_edging": {
      "x": 486.8722229003906,
      "y": 425.36370849609375,
      "font": "Helvetica",
      "size": 9.119999885559082
    },
    "no_edging": {
      "x": 481.3637390136719,
      "y": 174.00369262695312,
      "font": "Helvetica",
      "size": 9.119999885559082
    },
    "job_order_date": {
      "x": 108.06627655029297,
      "y": 53.75425338745117,
      "font": "Helvetica",
      "size": 10
    },
    "job_order_no": {
      "x": 108.0647201538086,
      "y": 39.11423873901367,
      "font": "Helvetica",
      "size": 10
    },
    "delivery_date": {
      "x": 678.9261474609375,
      "y": 39.11423873901367,
      "font": "Helvetica",
      "size": 10
    },
    "customer_name": {
      "x": 678.9117431640625,
      "y": 53.75425338745117,
      "font": "Helvetica",
      "size": 10
    },
    "measure_by": {
      "x": 678.9158935546875,
      "y": 67.91422271728516,
      "font": "Helvetica",
      "size": 10
    },
    "edging": {
      "x": 476.07708740234375,
      "y": 103.68368530273438,
      "font": "Helvetica",
      "size": 9.119999885559082
    },
    "po_no": {
      "x": 108.11727905273438,
      "y": 67.91422271728516,
      "font": "Helvetica",
      "size": 10
    },
    "design_name": {
      "x": 618.0612182617188,
      "y": 103.8037109375,
      "font": "Helvetica",
      "size": 9.119999885559082
    },
    "drawing_/_remark": {
      "x": 797.8973999023438,
      "y": 103.68368530273438,
      "font": "Helvetica",
      "size": 9.119999885559082
    },
    "door_type": {
      "x": 344.4146728515625,
      "y": 103.8037109375,
      "font": "Helvetica",
      "size": 9.119999885559082
    },
    "door_core": {
      "x": 413.1976013183594,
      "y": 103.8037109375,
      "font": "Helvetica",
      "size": 9.119999885559082
    },
    "door_size": {
      "x": 239.55239868164062,
      "y": 103.68368530273438,
      "font": "Helvetica",
      "size": 9.119999885559082
    }
  },
  "checkboxes": {
    "door_thickness": [
      {
        "label": "37mm",
        "x": 92.30000305175781,
        "y": 407.7594451904297,
        "size": 8
      },
      {
        "label": "43mm",
        "x": 92.30000305175781,
        "y": 430.58946228027344,
        "size": 8
      },
      {
        "label": "48mm",
        "x": 92.30000305175781,
        "y": 453.3894500732422,
        "size": 8
      }
    ],
    "door_type": [
      {
        "label": "S/L",
        "x": 300.7699890136719,
        "y": 407.8794403076172,
        "size": 8
      },
      {
        "label": "D/L",
        "x": 300.6499938964844,
        "y": 459.2694549560547,
        "size": 8
      }
    ],
    "edging": [
      {
        "label": "NA Lipping",
        "x": 421.2699890136719,
        "y": 407.7594451904297,
        "size": 8
      }
    ],
    "door_core": [
      {
        "label": "Honeycomb",
        "x": 353.8299865722656,
        "y": 316.07945251464844,
        "size": 8
      },
      {
        "label": "Solid Timber",
        "x": 352.75,
        "y": 179.22945404052734,
        "size": 8
      },
      {
        "label": "Metal Skeleton",
        "x": 348.6700134277344,
        "y": 202.1794662475586,
        "size": 8
      }
    ],
    "decorative_line": [
      {
        "label": "Groove Line",
        "x": 490.6600036621094,
        "y": 179.22945404052734,
        "size": 8
      },
      {
        "label": "T-bar",
        "x": 502.17999267578125,
        "y": 133.62944793701172,
        "size": 8
      }
    ]
  },
  "tables": {}
}