{
  "template_path": "C:\\Users\\USER\\Desktop\\Project management\\Sendora\\Material\\JOB ORDER FORM -DOOR.pdf",
  "page_size": [
    841.6799926757812,
    595.2000122070312
  ],
  "header_fields": {
    "abs_edging": {
      "text": "ABS Edging",
      "x": 436.2699890136719,
      "y": 425.36370849609375,
      "width": 40.60223388671875,
      "height": 10.451507568359375,
      "font": "ArialNarrow",
      "size": 9.119999885559082,
      "flags": 0
    },
    "no_edging": {
      "text": "No Edging",
      "x": 436.2699890136719,
      "y": 174.00369262695312,
      "width": 35.09375,
      "height": 10.451522827148438,
      "font": "ArialNarrow",
      "size": 9.119999885559082,
      "flags": 0
    },
    "job_order_date": {
      "text": "Job Order Date:",
      "x": 29.06399917602539,
      "y": 53.75425338745117,
      "width": 69.00227737426758,
      "height": 12.789356231689453,
      "font": "ArialNarrow-Bold",
      "size": 11.15999984741211,
      "flags": 16
    },
    "job_order_no": {
      "text": "Job Order No:",
      "x": 33.98400115966797,
      "y": 39.11423873901367,
      "width": 64.08071899414062,
      "height": 12.789360046386719,
      "font": "ArialNarrow-Bold",
      "size": 11.15999984741211,
      "flags": 16
    },
    "delivery_date": {
      "text": "Delivery Date:",
      "x": 608.260009765625,
      "y": 39.11423873901367,
      "width": 60.6661376953125,
      "height": 12.789360046386719,
      "font": "ArialNarrow-Bold",
      "size": 11.15999984741211,
      "flags": 16
    },
    "customer_name": {
      "text": "Customer Name:",
      "x": 595.780029296875,
      "y": 53.75425338745117,
      "width": 73.1317138671875,
      "height": 12.789356231689453,
      "font": "ArialNarrow-Bold",
      "size": 11.15999984741211,
      "flags": 16
    },
    "measure_by": {
      "text": "Measure By :",
      "x": 612.0999755859375,
      "y": 67.91422271728516,
      "width": 56.81591796875,
      "height": 12.789360046386719,
      "font": "ArialNarrow-Bold",
      "size": 11.15999984741211,
      "flags": 16
    },
    "edging": {
      "text": "EDGING",
      "x": 436.510009765625,
      "y": 103.68368530273438,
      "width": 29.56707763671875,
      "height": 10.451515197753906,
      "font": "ArialNarrow-Bold",
      "size": 9.119999885559082,
      "flags": 16
    },
    "po_no": {
      "text": "PO NO:",
      "x": 65.66400146484375,
      "y": 67.91422271728516,
      "width": 32.453277587890625,
      "height": 12.789360046386719,
      "font": "ArialNarrow-Bold",
      "size": 11.15999984741211,
      "flags": 16
    },
    "design_name": {
      "text": "DESIGN NAME",
      "x": 555.219970703125,
      "y": 103.8037109375,
      "width": 52.84124755859375,
      "height": 10.451515197753906,
      "font": "ArialNarrow-Bold",
      "size": 9.119999885559082,
      "flags": 16
    },
    "drawing_/_remark": {
      "text": "DRAWING / REMARK",
      "x": 712.3200073242188,
      "y": 103.68368530273438,
      "width": 75.577392578125,
      "height": 10.451515197753906,
      "font": "ArialNarrow-Bold",
      "size": 9.119999885559082,
      "flags": 16
    },
    "door_type": {
      "text": "DOOR TYPE",
      "x": 290.2099914550781,
      "y": 103.8037109375,
      "width": 44.204681396484375,
      "height": 10.451515197753906,
      "font": "ArialNarrow-Bold",
      "size": 9.119999885559082,
      "flags": 16
    },
    "door_core": {
      "text": "DOOR CORE",
      "x": 356.95001220703125,
      "y": 103.8037109375,
      "width": 46.247589111328125,
      "height": 10.451515197753906,
      "font": "ArialNarrow-Bold",
      "size": 9.119999885559082,
      "flags": 16
    },
    "door_size": {
      "text": "DOOR SIZE",
      "x": 188.3300018310547,
      "y": 103.68368530273438,
      "width": 41.22239685058594,
      "height": 10.451515197753906,
      "font": "ArialNarrow-Bold",
      "size": 9.119999885559082,
      "flags": 16
    }
  },
  "text_elements": {
    "page_0": {
      "ITEM": {
        "text": "ITEM",
        "x": 16.583999633789062,
        "y": 104.1636962890625,
        "width": 17.86608123779297,
        "height": 10.451515197753906,
        "font": "ArialNarrow-Bold",
        "size": 9.119999885559082,
        "flags": 16
      },
      "": {
        "text": "",
        "x": 488.7099914550781,
        "y": 459.45184326171875,
        "width": 8.12591552734375,
        "height": 9.557769775390625,
        "font": "Wingdings2",
        "size": 9.119999885559082,
        "flags": 0
      },
      "Unequal": {
        "text": "Unequal",
        "x": 307.3699951171875,
        "y": 442.523681640625,
        "width": 28.03485107421875,
        "height": 10.451507568359375,
        "font": "ArialNarrow",
        "size": 9.119999885559082,
        "flags": 0
      },
      "Others:": {
        "text": "Others:",
        "x": 309.04998779296875,
        "y": 465.3236999511719,
        "width": 24.633087158203125,
        "height": 10.451507568359375,
        "font": "ArialNarrow",
        "size": 9.119999885559082,
        "flags": 0
      },
      "Prepare by,": {
        "text": "Prepare by,",
        "x": 15.02400016784668,
        "y": 488.2884216308594,
        "width": 37.80840492248535,
        "height": 10.25640869140625,
        "font": "Aptos Narrow",
        "size": 8.399999618530273,
        "flags": 4
      },
      "Production Supervisor :": {
        "text": "Production Supervisor :",
        "x": 636.0999755859375,
        "y": 531.2724609375,
        "width": 77.725341796875,
        "height": 10.25634765625,
        "font": "Aptos Narrow",
        "size": 8.399999618530273,
        "flags": 4
      },
      "Sales Admin": {
        "text": "Sales Admin",
        "x": 257.80999755859375,
        "y": 531.512451171875,
        "width": 42.8399658203125,
        "height": 10.25634765625,
        "font": "Aptos Narrow",
        "size": 8.399999618530273,
        "flags": 4
      },
      "Date :": {
        "text": "Date :",
        "x": 694.2000122070312,
        "y": 541.9524536132812,
        "width": 19.697998046875,
        "height": 10.25634765625,
        "font": "Aptos Narrow",
        "size": 8.399999618530273,
        "flags": 4
      },
      "Location :": {
        "text": "Location :",
        "x": 181.00999450683594,
        "y": 194.02857971191406,
        "width": 55.06488037109375,
        "height": 16.089828491210938,
        "font": "ArialNarrow-Bold",
        "size": 14.039999961853027,
        "flags": 16
      },
      "Solid Tubular": {
        "text": "Solid Tubular",
        "x": 366.30999755859375,
        "y": 145.56369018554688,
        "width": 46.420806884765625,
        "height": 10.451522827148438,
        "font": "ArialNarrow",
        "size": 9.119999885559082,
        "flags": 0
      },
      "Core": {
        "text": "Core",
        "x": 380.3500061035156,
        "y": 157.08370971679688,
        "width": 16.260955810546875,
        "height": 10.451522827148438,
        "font": "ArialNarrow",
        "size": 9.119999885559082,
        "flags": 0
      },
      "DOOR": {
        "text": "DOOR",
        "x": 97.7040023803711,
        "y": 98.1636962890625,
        "width": 24.623992919921875,
        "height": 10.451515197753906,
        "font": "ArialNarrow-Bold",
        "size": 9.119999885559082,
        "flags": 16
      },
      "JOB ORDER": {
        "text": "JOB ORDER",
        "x": 715.9199829101562,
        "y": 16.73856544494629,
        "width": 68.4029541015625,
        "height": 16.0898380279541,
        "font": "ArialNarrow-Bold",
        "size": 14.039999961853027,
        "flags": 16
      },
      "SENDORA GROUP SDN BHD (HQ)": {
        "text": "SENDORA GROUP SDN BHD (HQ)",
        "x": 249.1699981689453,
        "y": 16.73856544494629,
        "width": 186.6616973876953,
        "height": 16.0898380279541,
        "font": "ArialNarrow-Bold",
        "size": 14.039999961853027,
        "flags": 16
      },