{
  "page_size": [
    841.6799926757812,
    595.2000122070312
  ],
  "fields": {
    "rebated": {
      "x": 264.05926513671875,
      "y": 109.06832885742188,
      "font": "Helvetica",
      "size": 8.880000114440918
    },
    "job_order_no": {
      "x": 149.1208038330078,
      "y": 40.89887619018555,
      "font": "Helvetica",
      "size": 10
    },
    "job_order_date": {
      "x": 149.11744689941406,
      "y": 55.17890548706055,
      "font": "Helvetica",
      "size": 10
    },
    "delivery_date": {
      "x": 600.2872314453125,
      "y": 40.89887619018555,
      "font": "Helvetica",
      "size": 10
    },
    "po_no": {
      "x": 149.1864013671875,
      "y": 68.97888946533203,
      "font": "Helvetica",
      "size": 10
    },
    "customer_name": {
      "x": 612.0592041015625,
      "y": 55.17890548706055,
      "font": "Helvetica",
      "size": 10
    },
    "measure_by": {
      "x": 595.220458984375,
      "y": 68.97888946533203,
      "font": "Helvetica",
      "size": 10
    },
    "inner_or_outer": {
      "x": 528.3045654296875,
      "y": 108.58834838867188,
      "font": "Helvetica",
      "size": 8.880000114440918
    },
    "frame_profile": {
      "x": 605.1026611328125,
      "y": 108.58834838867188,
      "font": "Helvetica",
      "size": 8.880000114440918
    },
    "drawing_/_remark": {
      "x": 738.5507202148438,
      "y": 108.46832275390625,
      "font": "Helvetica",
      "size": 8.880000114440918
    },
    "frame_width": {
      "x": 212.64816284179688,
      "y": 108.58834838867188,
      "font": "Helvetica",
      "size": 8.880000114440918
    },
    "frame_size": {
      "x": 385.3214111328125,
      "y": 108.46832275390625,
      "font": "Helvetica",
      "size": 8.880000114440918
    }
  },
  "checkboxes": {
    "frame_type": [
      {
        "label": "INNER",
        "x": 469.6300048828125,
        "y": 341.1060485839844,
        "size": 8
      },
      {
        "label": "OUTER",
        "x": 467.95001220703125,
        "y": 387.9060363769531,
        "size": 8
      }
    ]
  },
  "tables": {}
}