{
  "page_dimensions": {
    "width": 841.6799926757812,
    "height": 595.2000122070312,
    "format": "Landscape A4"
  },
  "header_fields": {
    "job_order_date": {
      "label_bbox": [
        29.06399917602539,
        53.75425338745117,
        98.06627655029297,
        66.54360961914062
      ],
      "data_position": {
        "x": 108.06627655029297,
        "y": 53.75425338745117,
        "width": 200,
        "height": 12.789356231689453
      },
      "font_size": 11.15999984741211,
      "actual_label": "Job Order Date:"
    },
    "job_order_no": {
      "label_bbox": [
        33.98400115966797,
        39.11423873901367,
        98.0647201538086,
        51.90359878540039
      ],
      "data_position": {
        "x": 108.0647201538086,
        "y": 39.11423873901367,
        "width": 200,
        "height": 12.789360046386719
      },
      "font_size": 11.15999984741211,
      "actual_label": "Job Order No:"
    },
    "delivery_date": {
      "label_bbox": [
        608.260009765625,
        39.11423873901367,
        668.9261474609375,
        51.90359878540039
      ],
      "data_position": {
        "x": 678.9261474609375,
        "y": 39.11423873901367,
        "width": 200,
        "height": 12.789360046386719
      },
      "font_size": 11.15999984741211,
      "actual_label": "Delivery Date:"
    },
    "customer_name": {
      "label_bbox": [
        595.780029296875,
        53.75425338745117,
        668.9117431640625,
        66.54360961914062
      ],
      "data_position": {
        "x": 678.9117431640625,
        "y": 53.75425338745117,
        "width": 200,
        "height": 12.789356231689453
      },
      "font_size": 11.15999984741211,
      "actual_label": "Customer Name:"
    },
    "measure_by": {
      "label_bbox": [
        612.0999755859375,
        67.91422271728516,
        668.9158935546875,
        80.70358276367188
      ],
      "data_position": {
        "x": 678.9158935546875,
        "y": 67.91422271728516,
        "width": 200,
        "height": 12.789360046386719
      },
      "font_size": 11.15999984741211,
      "actual_label": "Measure By :"
    },
    "po_no": {
      "label_bbox": [
        65.66400146484375,
        67.91422271728516,
        98.11727905273438,
        80.70358276367188
      ],
      "data_position": {
        "x": 108.11727905273438,
        "y": 67.91422271728516,
        "width": 200,
        "height": 12.789360046386719
      },
      "font_size": 11.15999984741211,
      "actual_label": "PO NO:"
    }
  },
  "table_structure": {
    "rows": [],
    "columns": {
      "item": {
        "x": 16.583999633789062,
        "width": 17.86608123779297
      },
      "edging": {
        "x": 436.2699890136719,
        "width": 35.09375
      },
      "design_name": {
        "x": 555.219970703125,
        "width": 52.84124755859375
      },
      "drawing_/_remark": {
        "x": 712.3200073242188,
        "width": 75.577392578125
      },
      "door_type": {
        "x": 290.2099914550781,
        "width": 44.204681396484375
      },
      "door_core": {
        "x": 356.95001220703125,
        "width": 46.247589111328125
      },
      "door_size": {
        "x": 188.3300018310547,
        "width": 41.22239685058594
      }
    },
    "table_bounds": {
      "top": 167.66666666666666,
      "bottom": 488.3333333333333
    }
  },
  "checkbox_positions": {
    "door_thickness": [
      {
        "option": "37mm",
        "checkbox_position": {
          "x": 92.30000305175781,
          "y": 128.88369750976562,
          "size": 8
        },
        "text_position": {
          "x": 107.30000305175781,
          "y": 128.88369750976562
        }
      },
      {
        "option": "43mm",
        "checkbox_position": {
          "x": 92.30000305175781,
          "y": 151.68368530273438,
          "size": 8
        },
        "text_position": {
          "x": 107.30000305175781,
          "y": 151.68368530273438
        }
      },
      {
        "option": "48mm",
        "checkbox_position": {
          "x": 92.30000305175781,
          "y": 174.48370361328125,
          "size": 8
        },
        "text_position": {
          "x": 107.30000305175781,
          "y": 174.48370361328125
        }
      },
      {
        "option": "37mm",
        "checkbox_position": {
          "x": 92.30000305175781,
          "y": 220.11370849609375,
          "size": 8
        },
        "text_position": {
          "x": 107.30000305175781,
          "y": 220.11370849609375
        }
      },
      {
        "option": "43mm",
        "checkbox_position": {
          "x": 92.30000305175781,
          "y": 242.9136962890625,
          "size": 8
        },
        "text_position": {
          "x": 107.30000305175781,
          "y": 242.9136962890625
        }
      },
      {
        "option": "48mm",
        "checkbox_position": {
          "x": 92.30000305175781,
          "y": 265.71368408203125,
          "size": 8
        },
        "text_position": {
          "x": 107.30000305175781,
          "y": 265.71368408203125
        }
      },
      {
        "option": "37mm",
        "checkbox_position": {
          "x": 92.30000305175781,
          "y": 311.3337097167969,
          "size": 8
        },
        "text_position": {
          "x": 107.30000305175781,
          "y": 311.3337097167969
        }
      },
      {
        "option": "43mm",
        "checkbox_position": {
          "x": 92.30000305175781,
          "y": 334.1336975097656,
          "size": 8
        },
        "text_position": {
          "x": 107.30000305175781,
          "y": 334.1336975097656
        }
      },
      {
        "option": "48mm",
        "checkbox_position": {
          "x": 92.30000305175781,
          "y": 356.9337158203125,
          "size": 8
        },
        "text_position": {
          "x": 107.30000305175781,
          "y": 356.9337158203125
        }
      },
      {
        "option": "37mm",
        "checkbox_position": {
          "x": 92.30000305175781,
          "y": 402.53369140625,
          "size": 8
        },
        "text_position": {
          "x": 107.30000305175781,
          "y": 402.53369140625
        }
      },
      {
        "option": "43mm",
        "checkbox_position": {
          "x": 92.30000305175781,
          "y": 425.36370849609375,
          "size": 8
        },
        "text_position": {
          "x": 107.30000305175781,
          "y": 425.36370849609375
        }
      },
      {
        "option": "48mm",
        "checkbox_position": {
          "x": 92.30000305175781,
          "y": 448.1636962890625,
          "size": 8
        },
        "text_position": {
          "x": 107.30000305175781,
          "y": 448.1636962890625
        }
      }
    ],
    "door_type": [
      {
        "option": "S/L",
        "checkbox_position": {
          "x": 300.7699890136719,
          "y": 129.00369262695312,
          "size": 8
        },
        "text_position": {
          "x": 315.7699890136719,
          "y": 129.00369262695312
        }
      },
      {
        "option": "D/L",
        "checkbox_position": {
          "x": 300.5299987792969,
          "y": 151.8037109375,
          "size": 8
        },
        "text_position": {
          "x": 315.5299987792969,
          "y": 151.8037109375
        }
      },
      {
        "option": "D/L",
        "checkbox_position": {
          "x": 300.6499938964844,
          "y": 180.36370849609375,
          "size": 8
        },
        "text_position": {
          "x": 315.6499938964844,
          "y": 180.36370849609375
        }
      },
      {
        "option": "S/L",
        "checkbox_position": {
          "x": 300.7699890136719,
          "y": 220.23370361328125,
          "size": 8
        },
        "text_position": {
          "x": 315.7699890136719,
          "y": 220.23370361328125
        }
      },
      {
        "option": "D/L",
        "checkbox_position": {
          "x": 300.5299987792969,